{"types":[{"id":1,"type":"COMMON","part":"ARM_BACK","filename":"back_arm_1.png","set":"MALE_1"},{"id":2,"type":"UNLOCKABLE","part":"ARM_BACK","filename":"back_arm_2.png","set":"MALE_1"},{"id":3,"type":"COMMON","part":"ARM_BACK","filename":"back_arm_3.png","set":"MALE_1"},{"id":4,"type":"COMMON","part":"ARM_BACK","filename":"back_arm_4.png","set":"MALE_1"},{"id":5,"type":"COMMON","part":"ARM_BACK","filename":"back_arm_5.png","set":"MALE_1"},{"id":6,"type":"UNLOCKABLE","part":"ARM_BACK","filename":"back_arm_6.png","set":"MALE_1"},{"id":7,"type":"COMMON","part":"ARM_BACK","filename":"back_arm_7.png","set":"MALE_1"},{"id":8,"type":"COMMON","part":"BODY","filename":"body_1.png","set":"MALE_1"},{"id":9,"type":"COMMON","part":"BODY","filename":"body_2.png","set":"MALE_1"},{"id":10,"type":"COMMON","part":"BODY","filename":"body_3.png","set":"MALE_1"},{"id":11,"type":"COMMON","part":"BODY","filename":"body_4.png","set":"MALE_1"},{"id":12,"type":"UNLOCKABLE","part":"BODY","filename":"body_5.png","set":"MALE_1"},{"id":13,"type":"COMMON","part":"BODY","filename":"body_6.png","set":"MALE_1"},{"id":15,"type":"COMMON","part":"ARM_FRONT","filename":"front_arm_1.png","set":"MALE_1"},{"id":16,"type":"UNLOCKABLE","part":"ARM_FRONT","filename":"front_arm_2.png","set":"MALE_1"},{"id":17,"type":"COMMON","part":"ARM_FRONT","filename":"front_arm_3.png","set":"MALE_1"},{"id":18,"type":"COMMON","part":"ARM_FRONT","filename":"front_arm_4.png","set":"MALE_1"},{"id":19,"type":"COMMON","part":"ARM_FRONT","filename":"front_arm_5.png","set":"MALE_1"},{"id":20,"type":"UNLOCKABLE","part":"ARM_FRONT","filename":"front_arm_6.png","set":"MALE_1"},{"id":21,"type":"COMMON","part":"ARM_FRONT","filename":"front_arm_7.png","set":"MALE_1"},{"id":22,"type":"COMMON","part":"HEAD","filename":"head_1.png","set":"MALE_1"},{"id":23,"type":"COMMON","part":"HEAD","filename":"head_2.png","set":"MALE_1"},{"id":24,"type":"COMMON","part":"HEAD","filename":"head_3.png","set":"MALE_1"},{"id":25,"type":"COMMON","part":"HEAD","filename":"head_4.png","set":"MALE_1"},{"id":26,"type":"COMMON","part":"HEAD","filename":"head_5.png","set":"MALE_1"},{"id":27,"type":"COMMON","part":"HEAD","filename":"head_6.png","set":"MALE_1"},{"id":28,"type":"COMMON","part":"HEAD","filename":"head_7.png","set":"MALE_1"},{"id":29,"type":"UNLOCKABLE","part":"HEAD","filename":"head_8.png","set":"MALE_1"},{"id":30,"type":"COMMON","part":"HEAD","filename":"head_9.png","set":"MALE_1"},{"id":31,"type":"UNLOCKABLE","part":"HEAD","filename":"head_10.png","set":"MALE_1"},{"id":32,"type":"COMMON","part":"HEAD","filename":"head_11.png","set":"MALE_1"},{"id":33,"type":"COMMON","part":"HEAD","filename":"head_12.png","set":"MALE_1"},{"id":34,"type":"UNLOCKABLE","part":"HEAD","filename":"head_13.png","set":"MALE_1"},{"id":35,"type":"COMMON","part":"HEAD","filename":"head_14.png","set":"MALE_1"},{"id":36,"type":"UNLOCKABLE","part":"HEAD","filename":"head_15.png","set":"MALE_1"},{"id":37,"type":"COMMON","part":"HEAD","filename":"head_16.png","set":"MALE_1"},{"id":38,"type":"UNLOCKABLE","part":"HEAD","filename":"head_17.png","set":"MALE_1"},{"id":39,"type":"COMMON","part":"LEG","filename":"legs_1.png","set":"MALE_1"},{"id":40,"type":"COMMON","part":"LEG","filename":"legs_2.png","set":"MALE_1"},{"id":41,"type":"COMMON","part":"LEG","filename":"legs_3.png","set":"MALE_1"},{"id":68,"type":"COMMON","part":"BODY","filename":"body_7.png","set":"FEMALE_1"},{"id":69,"type":"COMMON","part":"BODY","filename":"body_8.png","set":"FEMALE_1"},{"id":70,"type":"COMMON","part":"HEAD","filename":"head_18.png","set":"FEMALE_1"},{"id":71,"type":"COMMON","part":"HEAD","filename":"head_19.png","set":"FEMALE_1"},{"id":72,"type":"COMMON","part":"HEAD","filename":"head_20.png","set":"FEMALE_1"},{"id":73,"type":"COMMON","part":"HEAD","filename":"head_21.png","set":"FEMALE_1"},{"id":74,"type":"COMMON","part":"LEG","filename":"legs_4.png","set":"FEMALE_1"},{"id":75,"type":"COMMON","part":"LEG","filename":"legs_5.png","set":"FEMALE_1"},{"id":76,"type":"COMMON","part":"LEG","filename":"legs_6.png","set":"FEMALE_1"},{"id":77,"type":"COMMON","part":"LEG","filename":"legs_7.png","set":"FEMALE_1"},{"id":78,"type":"STORE","part":"ARM_BACK","filename":"back_arm_18.png","set":"MALE_1"},{"id":79,"type":"STORE","part":"ARM_BACK","filename":"back_arm_19.png","set":"MALE_1"},{"id":80,"type":"STORE","part":"ARM_BACK","filename":"back_arm_20.png","set":"MALE_1"},{"id":81,"type":"STORE","part":"ARM_BACK","filename":"back_arm_21.png","set":"MALE_1"},{"id":82,"type":"STORE","part":"BODY","filename":"body_18.png","set":"MALE_1"},{"id":83,"type":"STORE","part":"BODY","filename":"body_19.png","set":"MALE_1"},{"id":84,"type":"STORE","part":"BODY","filename":"body_20.png","set":"MALE_1"},{"id":85,"type":"STORE","part":"BODY","filename":"body_21.png","set":"MALE_1"},{"id":86,"type":"STORE","part":"ARM_FRONT","filename":"front_arm_18.png","set":"MALE_1"},{"id":87,"type":"STORE","part":"ARM_FRONT","filename":"front_arm_19.png","set":"MALE_1"},{"id":88,"type":"STORE","part":"ARM_FRONT","filename":"front_arm_20.png","set":"MALE_1"},{"id":89,"type":"STORE","part":"ARM_FRONT","filename":"front_arm_21.png","set":"MALE_1"},{"id":90,"type":"STORE","part":"LEG","filename":"legs_18.png","set":"MALE_1"},{"id":91,"type":"STORE","part":"LEG","filename":"legs_19.png","set":"MALE_1"},{"id":92,"type":"STORE","part":"LEG","filename":"legs_20.png","set":"MALE_1"},{"id":93,"type":"STORE","part":"LEG","filename":"legs_21.png","set":"MALE_1"},{"id":94,"type":"COMMON","part":"ARM_BACK","filename":"back_arm_1.png","set":"FEMALE_1"},{"id":95,"type":"COMMON","part":"ARM_BACK","filename":"back_arm_2.png","set":"FEMALE_1"},{"id":96,"type":"COMMON","part":"ARM_BACK","filename":"back_arm_3.png","set":"FEMALE_1"},{"id":97,"type":"COMMON","part":"ARM_BACK","filename":"back_arm_4.png","set":"FEMALE_1"},{"id":98,"type":"COMMON","part":"ARM_BACK","filename":"back_arm_5.png","set":"FEMALE_1"},{"id":99,"type":"COMMON","part":"ARM_BACK","filename":"back_arm_6.png","set":"FEMALE_1"},{"id":100,"type":"COMMON","part":"ARM_BACK","filename":"back_arm_7.png","set":"FEMALE_1"},{"id":101,"type":"COMMON","part":"BODY","filename":"body_1.png","set":"FEMALE_1"},{"id":102,"type":"COMMON","part":"BODY","filename":"body_2.png","set":"FEMALE_1"},{"id":103,"type":"COMMON","part":"BODY","filename":"body_3.png","set":"FEMALE_1"},{"id":104,"type":"COMMON","part":"BODY","filename":"body_4.png","set":"FEMALE_1"},{"id":105,"type":"COMMON","part":"BODY","filename":"body_5.png","set":"FEMALE_1"},{"id":106,"type":"COMMON","part":"BODY","filename":"body_6.png","set":"FEMALE_1"},{"id":107,"type":"COMMON","part":"ARM_FRONT","filename":"front_arm_1.png","set":"FEMALE_1"},{"id":108,"type":"COMMON","part":"ARM_FRONT","filename":"front_arm_2.png","set":"FEMALE_1"},{"id":109,"type":"COMMON","part":"ARM_FRONT","filename":"front_arm_3.png","set":"FEMALE_1"},{"id":110,"type":"COMMON","part":"ARM_FRONT","filename":"front_arm_4.png","set":"FEMALE_1"},{"id":111,"type":"COMMON","part":"ARM_FRONT","filename":"front_arm_5.png","set":"FEMALE_1"},{"id":112,"type":"COMMON","part":"ARM_FRONT","filename":"front_arm_6.png","set":"FEMALE_1"},{"id":113,"type":"COMMON","part":"ARM_FRONT","filename":"front_arm_7.png","set":"FEMALE_1"},{"id":114,"type":"COMMON","part":"HEAD","filename":"head_1.png","set":"FEMALE_1"},{"id":115,"type":"COMMON","part":"HEAD","filename":"head_10.png","set":"FEMALE_1"},{"id":116,"type":"COMMON","part":"HEAD","filename":"head_11.png","set":"FEMALE_1"},{"id":117,"type":"COMMON","part":"HEAD","filename":"head_12.png","set":"FEMALE_1"},{"id":118,"type":"COMMON","part":"HEAD","filename":"head_13.png","set":"FEMALE_1"},{"id":119,"type":"COMMON","part":"HEAD","filename":"head_14.png","set":"FEMALE_1"},{"id":120,"type":"COMMON","part":"HEAD","filename":"head_15.png","set":"FEMALE_1"},{"id":121,"type":"COMMON","part":"HEAD","filename":"head_16.png","set":"FEMALE_1"},{"id":122,"type":"COMMON","part":"HEAD","filename":"head_17.png","set":"FEMALE_1"},{"id":123,"type":"COMMON","part":"HEAD","filename":"head_2.png","set":"FEMALE_1"},{"id":124,"type":"COMMON","part":"HEAD","filename":"head_3.png","set":"FEMALE_1"},{"id":125,"type":"COMMON","part":"HEAD","filename":"head_4.png","set":"FEMALE_1"},{"id":126,"type":"COMMON","part":"HEAD","filename":"head_5.png","set":"FEMALE_1"},{"id":127,"type":"COMMON","part":"HEAD","filename":"head_6.png","set":"FEMALE_1"},{"id":128,"type":"COMMON","part":"HEAD","filename":"head_7.png","set":"FEMALE_1"},{"id":129,"type":"COMMON","part":"HEAD","filename":"head_8.png","set":"FEMALE_1"},{"id":130,"type":"COMMON","part":"HEAD","filename":"head_9.png","set":"FEMALE_1"},{"id":131,"type":"COMMON","part":"LEG","filename":"legs_1.png","set":"FEMALE_1"},{"id":132,"type":"COMMON","part":"LEG","filename":"legs_2.png","set":"FEMALE_1"},{"id":133,"type":"COMMON","part":"LEG","filename":"legs_3.png","set":"FEMALE_1"},{"id":134,"type":"STORE","part":"HEAD","filename":"head_18.png","set":"MALE_1"},{"id":135,"type":"STORE","part":"HEAD","filename":"head_19.png","set":"MALE_1"},{"id":136,"type":"STORE","part":"HEAD","filename":"head_20.png","set":"MALE_1"},{"id":137,"type":"STORE","part":"HEAD","filename":"head_21.png","set":"MALE_1"},{"id":138,"type":"COMMON","part":"LEG","filename":"legs_4.png","set":"MALE_1"},{"id":139,"type":"COMMON","part":"LEG","filename":"legs_5.png","set":"MALE_1"},{"id":140,"type":"COMMON","part":"LEG","filename":"legs_6.png","set":"MALE_1"},{"id":141,"type":"STORE","part":"ARM_BACK","filename":"back_arm_9.png","set":"FEMALE_1"},{"id":144,"type":"STORE","part":"ARM_BACK","filename":"back_arm_10.png","set":"FEMALE_1"},{"id":145,"type":"STORE","part":"ARM_BACK","filename":"back_arm_11.png","set":"FEMALE_1"},{"id":146,"type":"STORE","part":"ARM_BACK","filename":"back_arm_12.png","set":"FEMALE_1"},{"id":147,"type":"STORE","part":"BODY","filename":"body_10.png","set":"FEMALE_1"},{"id":148,"type":"STORE","part":"BODY","filename":"body_11.png","set":"FEMALE_1"},{"id":149,"type":"STORE","part":"BODY","filename":"body_12.png","set":"FEMALE_1"},{"id":150,"type":"STORE","part":"BODY","filename":"body_13.png","set":"FEMALE_1"},{"id":151,"type":"STORE","part":"ARM_FRONT","filename":"front_arm_9.png","set":"FEMALE_1"},{"id":152,"type":"STORE","part":"ARM_FRONT","filename":"front_arm_10.png","set":"FEMALE_1"},{"id":153,"type":"STORE","part":"ARM_FRONT","filename":"front_arm_11.png","set":"FEMALE_1"},{"id":154,"type":"STORE","part":"ARM_FRONT","filename":"front_arm_12.png","set":"FEMALE_1"},{"id":155,"type":"STORE","part":"HEAD","filename":"head_23.png","set":"FEMALE_1"},{"id":156,"type":"STORE","part":"HEAD","filename":"head_24.png","set":"FEMALE_1"},{"id":157,"type":"STORE","part":"HEAD","filename":"head_25.png","set":"FEMALE_1"},{"id":158,"type":"STORE","part":"HEAD","filename":"head_26.png","set":"FEMALE_1"},{"id":159,"type":"STORE","part":"HEAD","filename":"head_27.png","set":"FEMALE_1"},{"id":160,"type":"STORE","part":"HEAD","filename":"head_28.png","set":"FEMALE_1"},{"id":161,"type":"STORE","part":"HEAD","filename":"head_29.png","set":"FEMALE_1"},{"id":162,"type":"STORE","part":"LEG","filename":"legs_9.png","set":"FEMALE_1"},{"id":163,"type":"STORE","part":"LEG","filename":"legs_10.png","set":"FEMALE_1"},{"id":164,"type":"STORE","part":"LEG","filename":"legs_11.png","set":"FEMALE_1"},{"id":165,"type":"STORE","part":"LEG","filename":"legs_12.png","set":"FEMALE_1"},{"id":166,"type":"STORE","part":"HEAD","filename":"head_23.png","set":"MALE_1"},{"id":167,"type":"STORE","part":"HEAD","filename":"head_24.png","set":"MALE_1"},{"id":168,"type":"STORE","part":"BODY","filename":"body_23.png","set":"MALE_1"},{"id":169,"type":"STORE","part":"BODY","filename":"body_24.png","set":"MALE_1"},{"id":170,"type":"STORE","part":"LEG","filename":"legs_23.png","set":"MALE_1"},{"id":171,"type":"STORE","part":"LEG","filename":"legs_24.png","set":"MALE_1"},{"id":172,"type":"STORE","part":"ARM_FRONT","filename":"front_arm_23.png","set":"MALE_1"},{"id":173,"type":"STORE","part":"ARM_FRONT","filename":"front_arm_24.png","set":"MALE_1"},{"id":174,"type":"STORE","part":"ARM_BACK","filename":"back_arm_24.png","set":"MALE_1"},{"id":193,"type":"STORE","part":"ARM_BACK","filename":"back_arm_23.png","set":"MALE_1"},{"id":194,"type":"UNLOCKABLE","part":"HEAD","filename":"esl_head_male.png","set":"MALE_1"},{"id":195,"type":"UNLOCKABLE","part":"HEAD","filename":"esl_head_female.png","set":"FEMALE_1"},{"id":196,"type":"UNLOCKABLE","part":"HEAD","filename":"head_30_mod.png","set":"FEMALE_1"},{"id":197,"type":"UNLOCKABLE","part":"HEAD","filename":"head_30_mod.png","set":"MALE_1"},{"id":198,"type":"UNLOCKABLE","part":"HEAD","filename":"head_robot.png","set":"MALE_1"},{"id":199,"type":"UNLOCKABLE","part":"HEAD","filename":"head_robot.png","set":"FEMALE_1"},{"id":200,"type":"UNLOCKABLE","part":"HEAD","filename":"season_1_champ_female_head.png","set":"FEMALE_1"},{"id":201,"type":"UNLOCKABLE","part":"HEAD","filename":"season_1_champ_male_head.png","set":"MALE_1"},{"id":202,"type":"UNLOCKABLE","part":"HEAD","filename":"head_mojavatar.png","set":"MALE_1"},{"id":203,"type":"UNLOCKABLE","part":"HEAD","filename":"head_mojavatar.png","set":"FEMALE_1"}],"msg":"AvatarTypes"}